  place,date,   HumidMean,   HumidMax,   HumidMin
  Hupsel,20160101,   93,  100,   82
  Hupsel,20160102,   90,   95,   80
  Hupsel,20160103,   92,   99,   85
  Hupsel,20160104,   96,   99,   92
  Hupsel,20160105,   95,   99,   86
  Hupsel,20160106,   94,   96,   93
  Hupsel,20160107,   89,   99,   76
  Hupsel,20160108,   81,   90,   74
  Hupsel,20160109,   86,   95,   76
  Hupsel,20160110,   80,   91,   65
  Hupsel,20160111,   93,   96,   89
  Hupsel,20160112,   87,   95,   75
  Hupsel,20160113,   89,   95,   78
  Hupsel,20160114,   89,   93,   82
  Hupsel,20160115,   94,   97,   90
  Hupsel,20160116,   90,   96,   80
  Hupsel,20160117,   88,   97,   74
  Hupsel,20160118,   82,   93,   63
  Hupsel,20160119,   81,   90,   69
  Hupsel,20160120,   89,  100,   78
  Hupsel,20160121,   90,   99,   81
  Hupsel,20160122,   83,   98,   62
  Hupsel,20160123,   99,  100,   95
  Hupsel,20160124,   95,  100,   84
  Hupsel,20160125,   83,   97,   62
  Hupsel,20160126,   85,   92,   75
  Hupsel,20160127,   87,   94,   80
  Hupsel,20160128,   77,   89,   65
  Hupsel,20160129,   83,   93,   77
  Hupsel,20160130,   89,   95,   81
  Hupsel,20160131,   90,   98,   81
  Hupsel,20160201,   88,   99,   75
  Hupsel,20160202,   75,   86,   70
  Hupsel,20160203,   84,   95,   63
  Hupsel,20160204,   94,   99,   90
  Hupsel,20160205,   92,   99,   85
  Hupsel,20160206,   77,   86,   69
  Hupsel,20160207,   70,   82,   65
  Hupsel,20160208,   78,   92,   59
  Hupsel,20160209,   86,   97,   67
  Hupsel,20160210,   90,   97,   78
  Hupsel,20160211,   88,  100,   69
  Hupsel,20160212,   87,  100,   70
  Hupsel,20160213,   83,   93,   67
  Hupsel,20160214,   96,  100,   91
  Hupsel,20160215,   83,   96,   67
  Hupsel,20160216,   82,   99,   62
  Hupsel,20160217,   83,   97,   68
  Hupsel,20160218,   78,   90,   57
  Hupsel,20160219,   89,   96,   80
  Hupsel,20160220,   91,   98,   79
  Hupsel,20160221,   92,   99,   83
  Hupsel,20160222,   93,   99,   87
  Hupsel,20160223,   88,   99,   68
  Hupsel,20160224,   86,  100,   60
  Hupsel,20160225,   90,   96,   69
  Hupsel,20160226,   85,  100,   55
  Hupsel,20160227,   71,   88,   50
  Hupsel,20160228,   71,   89,   46
  Hupsel,20160229,   72,   94,   44
  Hupsel,20160301,   88,  100,   63
  Hupsel,20160302,   85,   97,   64
  Hupsel,20160303,   84,   96,   66
  Hupsel,20160304,   93,  100,   75
  Hupsel,20160305,   93,  100,   67
  Hupsel,20160306,   91,  100,   64
  Hupsel,20160307,   90,   99,   67
  Hupsel,20160308,   89,   99,   74
  Hupsel,20160309,   70,   87,   44
  Hupsel,20160310,   77,   96,   63
  Hupsel,20160311,   89,  100,   76
  Hupsel,20160312,   79,   95,   62
  Hupsel,20160313,   77,   85,   68
  Hupsel,20160314,   70,   92,   45
  Hupsel,20160315,   93,  100,   83
  Hupsel,20160316,   70,   89,   53
  Hupsel,20160317,   69,   94,   46
  Hupsel,20160318,   92,  100,   79
  Hupsel,20160319,   80,   91,   68
  Hupsel,20160320,   90,   98,   72
  Hupsel,20160321,   84,   96,   71
  Hupsel,20160322,   86,   97,   71
  Hupsel,20160323,   81,   94,   66
  Hupsel,20160324,   85,   97,   69
  Hupsel,20160325,   91,   97,   80
  Hupsel,20160326,   75,  100,   51
  Hupsel,20160327,   72,   93,   56
  Hupsel,20160328,   69,   90,   48
  Hupsel,20160329,   79,   91,   59
  Hupsel,20160330,   70,   89,   50
  Hupsel,20160331,   77,   96,   58
  Hupsel,20160401,   72,   96,   47
  Hupsel,20160402,   70,   81,   56
  Hupsel,20160403,   71,   82,   57
  Hupsel,20160404,   74,   84,   52
  Hupsel,20160405,   87,   95,   78
  Hupsel,20160406,   81,   94,   65
  Hupsel,20160407,   77,   89,   59
  Hupsel,20160408,   84,   98,   59
  Hupsel,20160409,   67,   99,   37
  Hupsel,20160410,   67,   81,   49
  Hupsel,20160411,   64,   78,   48
  Hupsel,20160412,   72,   97,   41
  Hupsel,20160413,   83,  100,   52
  Hupsel,20160414,   76,  100,   49
  Hupsel,20160415,   89,   99,   75
  Hupsel,20160416,   78,   93,   61
  Hupsel,20160417,   79,   96,   60
  Hupsel,20160418,   71,   99,   49
  Hupsel,20160419,   71,   91,   42
  Hupsel,20160420,   73,  100,   48
  Hupsel,20160421,   67,   91,   42
  Hupsel,20160422,   71,   97,   51
  Hupsel,20160423,   74,   91,   51
  Hupsel,20160424,   83,   96,   61
  Hupsel,20160425,   85,   95,   60
  Hupsel,20160426,   88,   96,   76
  Hupsel,20160427,   80,   95,   58
  Hupsel,20160428,   82,   97,   52
  Hupsel,20160429,   82,   93,   71
  Hupsel,20160430,   76,   95,   53
  Hupsel,20160501,   77,   94,   50
  Hupsel,20160502,   72,  100,   49
  Hupsel,20160503,   75,   97,   50
  Hupsel,20160504,   70,  100,   40
  Hupsel,20160505,   59,   81,   39
  Hupsel,20160506,   60,   88,   30
  Hupsel,20160507,   50,   77,   30
  Hupsel,20160508,   48,   79,   30
  Hupsel,20160509,   52,   70,   36
  Hupsel,20160510,   66,   93,   43
  Hupsel,20160511,   59,   94,   34
  Hupsel,20160512,   54,   76,   37
  Hupsel,20160513,   58,   79,   27
  Hupsel,20160514,   69,   91,   51
  Hupsel,20160515,   78,   93,   61
  Hupsel,20160516,   78,   95,   57
  Hupsel,20160517,   72,   89,   56
  Hupsel,20160518,   72,   99,   52
  Hupsel,20160519,   80,   98,   55
  Hupsel,20160520,   88,   98,   79
  Hupsel,20160521,   72,   97,   49
  Hupsel,20160522,   80,   98,   62
  Hupsel,20160523,   95,   99,   90
  Hupsel,20160524,   88,   97,   82
  Hupsel,20160525,   86,  100,   68
  Hupsel,20160526,   74,  100,   51
  Hupsel,20160527,   87,   92,   75
  Hupsel,20160528,   78,   99,   57
  Hupsel,20160529,   88,   96,   78
  Hupsel,20160530,   91,   99,   73
  Hupsel,20160531,   76,   98,   52
  Hupsel,20160601,   83,   98,   67
  Hupsel,20160602,   87,   99,   70
  Hupsel,20160603,   86,  100,   58
  Hupsel,20160604,   72,  100,   44
  Hupsel,20160605,   71,   95,   41
  Hupsel,20160606,   80,  100,   50
  Hupsel,20160607,   80,   94,   61
  Hupsel,20160608,   80,   99,   54
  Hupsel,20160609,   71,   90,   44
  Hupsel,20160610,   69,   96,   50
  Hupsel,20160611,   73,   88,   51
  Hupsel,20160612,   84,   99,   59
  Hupsel,20160613,   90,   99,   72
  Hupsel,20160614,   87,  100,   69
  Hupsel,20160615,   88,   99,   69
  Hupsel,20160616,   79,  100,   49
  Hupsel,20160617,   90,  100,   67
  Hupsel,20160618,   86,   99,   64
  Hupsel,20160619,   78,   97,   55
  Hupsel,20160620,   84,   98,   67
  Hupsel,20160621,   92,   99,   79
  Hupsel,20160622,   81,   99,   61
  Hupsel,20160623,   78,   95,   57
  Hupsel,20160624,   87,   98,   76
  Hupsel,20160625,   94,  100,   86
  Hupsel,20160626,   85,   99,   64
  Hupsel,20160627,   91,  100,   79
  Hupsel,20160628,   76,  100,   59
  Hupsel,20160629,   80,   99,   55
  Hupsel,20160630,   86,   97,   76
  Hupsel,20160701,   93,   99,   76
  Hupsel,20160702,   77,   92,   55
  Hupsel,20160703,   82,  100,   58
  Hupsel,20160704,   80,  100,   55
  Hupsel,20160705,   84,  100,   70
  Hupsel,20160706,   78,  100,   55
  Hupsel,20160707,   74,  100,   51
  Hupsel,20160708,   82,   98,   63
  Hupsel,20160709,   78,  100,   62
  Hupsel,20160710,   72,   95,   49
  Hupsel,20160711,   70,   87,   56
  Hupsel,20160712,   83,  100,   60
  Hupsel,20160713,   86,   98,   65
  Hupsel,20160714,   81,   98,   56
  Hupsel,20160715,   74,   92,   56
  Hupsel,20160716,   83,   97,   76
  Hupsel,20160717,   79,  100,   58
  Hupsel,20160718,   74,  100,   41
  Hupsel,20160719,   59,   99,   28
  Hupsel,20160720,   65,  100,   30
  Hupsel,20160721,   79,  100,   57
  Hupsel,20160722,   86,  100,   66
  Hupsel,20160723,   88,  100,   65
  Hupsel,20160724,   89,  100,   63
  Hupsel,20160725,   86,  100,   70
  Hupsel,20160726,   76,  100,   49
  Hupsel,20160727,   82,  100,   57
  Hupsel,20160728,   88,  100,   73
  Hupsel,20160729,   83,   98,   63
  Hupsel,20160730,   94,  100,   84
  Hupsel,20160731,   86,  100,   66
  Hupsel,20160801,   88,  100,   70
  Hupsel,20160802,   95,  100,   86
  Hupsel,20160803,   97,  100,   92
  Hupsel,20160804,   85,   99,   68
  Hupsel,20160805,   84,   98,   65
  Hupsel,20160806,   89,   99,   71
  Hupsel,20160807,   80,   99,   61
  Hupsel,20160808,   77,   89,   50
  Hupsel,20160809,   79,   97,   53
  Hupsel,20160810,   82,   99,   55
  Hupsel,20160811,   94,  100,   81
  Hupsel,20160812,   90,  100,   74
  Hupsel,20160813,   87,  100,   69
  Hupsel,20160814,   83,  100,   60
  Hupsel,20160815,   81,  100,   57
  Hupsel,20160816,   78,   98,   60
  Hupsel,20160817,   72,  100,   44
  Hupsel,20160818,   71,  100,   42
  Hupsel,20160819,   80,  100,   44
  Hupsel,20160820,   75,   94,   44
  Hupsel,20160821,   88,   98,   77
  Hupsel,20160822,   93,  100,   81
  Hupsel,20160823,   74,  100,   39
  Hupsel,20160824,   75,   96,   44
  Hupsel,20160825,   71,   99,   38
  Hupsel,20160826,   76,   92,   62
  Hupsel,20160827,   79,   99,   62
  Hupsel,20160828,   76,   96,   60
  Hupsel,20160829,   83,  100,   64
  Hupsel,20160830,   80,  100,   46
  Hupsel,20160831,   74,   98,   43
  Hupsel,20160901,   90,   99,   67
  Hupsel,20160902,   80,  100,   50
  Hupsel,20160903,   84,   99,   65
  Hupsel,20160904,   83,   94,   64
  Hupsel,20160905,   86,  100,   65
  Hupsel,20160906,   83,  100,   53
  Hupsel,20160907,   75,  100,   45
  Hupsel,20160908,   75,  100,   51
  Hupsel,20160909,   89,  100,   63
  Hupsel,20160910,   79,  100,   49
  Hupsel,20160911,   87,   99,   75
  Hupsel,20160912,   76,   99,   42
  Hupsel,20160913,   74,  100,   44
  Hupsel,20160914,   66,   89,   37
  Hupsel,20160915,   63,   92,   40
  Hupsel,20160916,   85,  100,   63
  Hupsel,20160917,   89,  100,   74
  Hupsel,20160918,   83,   98,   63
  Hupsel,20160919,   82,  100,   61
  Hupsel,20160920,   82,  100,   61
  Hupsel,20160921,   72,   99,   42
  Hupsel,20160922,   82,  100,   51
  Hupsel,20160923,   85,  100,   53
  Hupsel,20160924,   75,   99,   48
  Hupsel,20160925,   72,   96,   44
  Hupsel,20160926,   82,  100,   48
  Hupsel,20160927,   78,  100,   50
  Hupsel,20160928,   64,   81,   53
  Hupsel,20160929,   80,   96,   70
  Hupsel,20160930,   81,   98,   52
  Hupsel,20161001,   86,   97,   70
  Hupsel,20161002,   90,   97,   70
  Hupsel,20161003,   89,  100,   63
  Hupsel,20161004,   79,   98,   58
  Hupsel,20161005,   75,   91,   52
  Hupsel,20161006,   82,   91,   74
  Hupsel,20161007,   83,   91,   69
  Hupsel,20161008,   81,  100,   46
  Hupsel,20161009,   88,  100,   66
  Hupsel,20161010,   89,  100,   57
  Hupsel,20161011,   96,  100,   87
  Hupsel,20161012,   86,   93,   77
  Hupsel,20161013,   82,   90,   71
  Hupsel,20161014,   78,   88,   63
  Hupsel,20161015,   95,  100,   86
  Hupsel,20161016,   82,   99,   53
  Hupsel,20161017,   92,  100,   77
  Hupsel,20161018,   93,  100,   74
  Hupsel,20161019,   94,  100,   88
  Hupsel,20161020,   96,  100,   86
  Hupsel,20161021,   97,   99,   90
  Hupsel,20161022,   91,   99,   71
  Hupsel,20161023,   92,  100,   65
  Hupsel,20161024,   96,  100,   90
  Hupsel,20161025,   97,  100,   92
  Hupsel,20161026,   89,   99,   69
  Hupsel,20161027,   94,  100,   85
  Hupsel,20161028,   95,  100,   89
  Hupsel,20161029,   90,  100,   66
  Hupsel,20161030,   93,  100,   75
  Hupsel,20161031,   91,  100,   66
  Hupsel,20161101,   96,  100,   87
  Hupsel,20161102,   91,  100,   71
  Hupsel,20161103,   97,  100,   89
  Hupsel,20161104,   86,   95,   72
  Hupsel,20161105,   93,   99,   81
  Hupsel,20161106,   89,   95,   82
  Hupsel,20161107,   96,  100,   92
  Hupsel,20161108,   94,  100,   80
  Hupsel,20161109,   95,   99,   91
  Hupsel,20161110,   97,  100,   90
  Hupsel,20161111,   89,   99,   72
  Hupsel,20161112,   86,   99,   75
  Hupsel,20161113,   86,   98,   75
  Hupsel,20161114,   90,   99,   77
  Hupsel,20161115,  100,  100,   99
  Hupsel,20161116,   93,  100,   80
  Hupsel,20161117,   89,   98,   76
  Hupsel,20161118,   87,   99,   73
  Hupsel,20161119,   81,   88,   73
  Hupsel,20161120,   74,  100,   57
  Hupsel,20161121,   81,   99,   69
  Hupsel,20161122,   76,   95,   69
  Hupsel,20161123,   91,   99,   78
  Hupsel,20161124,   81,   89,   68
  Hupsel,20161125,   82,   95,   59
  Hupsel,20161126,   97,   98,   94
  Hupsel,20161127,   90,   98,   75
  Hupsel,20161128,   82,   96,   64
  Hupsel,20161129,   87,   96,   61
  Hupsel,20161130,   84,   95,   79
  Hupsel,20161201,   90,   93,   80
  Hupsel,20161202,   87,   98,   63
  Hupsel,20161203,   95,   98,   89
  Hupsel,20161204,   87,   98,   73
  Hupsel,20161205,   82,   95,   57
  Hupsel,20161206,   88,   95,   73
  Hupsel,20161207,   78,   90,   71
  Hupsel,20161208,   73,   87,   63
  Hupsel,20161209,   89,   96,   80
  Hupsel,20161210,   92,   97,   84
  Hupsel,20161211,   90,   97,   81
  Hupsel,20161212,   94,   98,   86
  Hupsel,20161213,   94,   98,   84
  Hupsel,20161214,   98,   98,   96
  Hupsel,20161215,   96,   98,   91
  Hupsel,20161216,   91,   97,   80
  Hupsel,20161217,   92,   98,   87
  Hupsel,20161218,   95,   98,   87
  Hupsel,20161219,   93,   99,   84
  Hupsel,20161220,   96,   98,   93
  Hupsel,20161221,   85,   95,   75
  Hupsel,20161222,   94,   96,   90
  Hupsel,20161223,   89,   95,   80
  Hupsel,20161224,   85,   94,   77
  Hupsel,20161225,   92,   97,   84
  Hupsel,20161226,   79,   93,   58
  Hupsel,20161227,   88,   98,   76
  Hupsel,20161228,   98,   99,   95
  Hupsel,20161229,   91,   99,   74
  Hupsel,20161230,   91,   97,   79
  Hupsel,20161231,   97,   98,   93
  Beerta,20160101,   94,   99,   84
  Beerta,20160102,   89,   95,   81
  Beerta,20160103,   91,   94,   85
  Beerta,20160104,   89,   92,   86
  Beerta,20160105,   92,   93,   88
  Beerta,20160106,   88,   91,   86
  Beerta,20160107,   94,   99,   90
  Beerta,20160108,   83,   94,   72
  Beerta,20160109,   91,   99,   85
  Beerta,20160110,   86,   93,   77
  Beerta,20160111,   94,   97,   86
  Beerta,20160112,   92,   95,   89
  Beerta,20160113,   91,   96,   83
  Beerta,20160114,   93,   96,   89
  Beerta,20160115,   94,   97,   87
  Beerta,20160116,   96,  100,   88
  Beerta,20160117,   83,   99,   69
  Beerta,20160118,   86,   97,   73
  Beerta,20160119,   90,   97,   79
  Beerta,20160120,   96,   99,   90
  Beerta,20160121,   95,   99,   91
  Beerta,20160122,   89,  100,   80
  Beerta,20160123,   98,  100,   94
  Beerta,20160124,   97,   99,   93
  Beerta,20160125,   91,  100,   79
  Beerta,20160126,   86,   97,   76
  Beerta,20160127,   91,   95,   85
  Beerta,20160128,   78,   85,   69
  Beerta,20160129,   88,   95,   80
  Beerta,20160130,   87,   95,   74
  Beerta,20160131,   87,   99,   79
  Beerta,20160201,   88,   99,   75
  Beerta,20160202,   70,   77,   66
  Beerta,20160203,   83,   93,   71
  Beerta,20160204,   93,   98,   87
  Beerta,20160205,   96,   99,   90
  Beerta,20160206,   84,   97,   75
  Beerta,20160207,   75,   88,   70
  Beerta,20160208,   81,   90,   67
  Beerta,20160209,   87,   94,   78
  Beerta,20160210,   90,   94,   81
  Beerta,20160211,   87,   96,   73
  Beerta,20160212,   95,  100,   81
  Beerta,20160213,   95,  100,   87
  Beerta,20160214,   93,   96,   88
  Beerta,20160215,   80,   93,   70
  Beerta,20160216,   81,   97,   58
  Beerta,20160217,   85,   96,   75
  Beerta,20160218,   86,   96,   66
  Beerta,20160219,   92,  100,   82
  Beerta,20160220,   90,   99,   80
  Beerta,20160221,   91,  100,   85
  Beerta,20160222,   85,   96,   74
  Beerta,20160223,   88,   96,   70
  Beerta,20160224,   86,   96,   70
  Beerta,20160225,   90,   99,   72
  Beerta,20160226,   89,   98,   65
  Beerta,20160227,   85,   98,   56
  Beerta,20160228,   90,   99,   62
  Beerta,20160229,   85,   98,   59
  Beerta,20160301,   90,   99,   68
  Beerta,20160302,   90,   99,   70
  Beerta,20160303,   92,   98,   80
  Beerta,20160304,   91,   99,   76
  Beerta,20160305,   95,  100,   80
  Beerta,20160306,   91,   99,   70
  Beerta,20160307,   86,   99,   56
  Beerta,20160308,   90,   98,   69
  Beerta,20160309,   79,   95,   58
  Beerta,20160310,   86,   99,   77
  Beerta,20160311,   87,  100,   71
  Beerta,20160312,   81,   96,   59
  Beerta,20160313,   86,   97,   68
  Beerta,20160314,   86,   99,   65
  Beerta,20160315,   92,   99,   76
  Beerta,20160316,   78,   94,   49
  Beerta,20160317,   82,  100,   52
  Beerta,20160318,   90,   99,   77
  Beerta,20160319,   84,   98,   71
  Beerta,20160320,   93,   97,   84
  Beerta,20160321,   91,   95,   82
  Beerta,20160322,   95,   99,   82
  Beerta,20160323,   85,   98,   72
  Beerta,20160324,   88,   97,   72
  Beerta,20160325,   96,  100,   88
  Beerta,20160326,   78,  100,   55
  Beerta,20160327,   80,   94,   62
  Beerta,20160328,   72,   87,   52
  Beerta,20160329,   85,   92,   68
  Beerta,20160330,   81,   96,   60
  Beerta,20160331,   85,  100,   67
  Beerta,20160401,   70,   96,   47
  Beerta,20160402,   73,   85,   55
  Beerta,20160403,   82,   95,   68
  Beerta,20160404,   81,   95,   65
  Beerta,20160405,   91,   95,   84
  Beerta,20160406,   88,   98,   69
  Beerta,20160407,   82,   93,   65
  Beerta,20160408,   89,   99,   72
  Beerta,20160409,   73,  100,   50
  Beerta,20160410,   76,   91,   55
  Beerta,20160411,   69,   90,   50
  Beerta,20160412,   82,   97,   56
  Beerta,20160413,   86,   99,   69
  Beerta,20160414,   86,  100,   56
  Beerta,20160415,   88,   97,   81
  Beerta,20160416,   83,   95,   57
  Beerta,20160417,   80,   96,   57
  Beerta,20160418,   77,   95,   58
  Beerta,20160419,   76,   95,   58
  Beerta,20160420,   76,   93,   57
  Beerta,20160421,   79,   98,   55
  Beerta,20160422,   76,   97,   60
  Beerta,20160423,   77,   94,   54
  Beerta,20160424,   78,   94,   54
  Beerta,20160425,   93,   98,   80
  Beerta,20160426,   88,   98,   56
  Beerta,20160427,   86,   98,   68
  Beerta,20160428,   83,   97,   66
  Beerta,20160429,   85,   94,   64
  Beerta,20160430,   80,   98,   59
  Beerta,20160501,   80,   99,   57
  Beerta,20160502,   74,  100,   51
  Beerta,20160503,   82,   98,   60
  Beerta,20160504,   71,  100,   38
  Beerta,20160505,   62,   88,   37
  Beerta,20160506,   61,   89,   40
  Beerta,20160507,   54,   82,   31
  Beerta,20160508,   51,   73,   35
  Beerta,20160509,   58,   82,   38
  Beerta,20160510,   62,   80,   41
  Beerta,20160511,   60,   80,   33
  Beerta,20160512,   68,   88,   45
  Beerta,20160513,   69,   86,   47
  Beerta,20160514,   71,   85,   56
  Beerta,20160515,   81,   93,   61
  Beerta,20160516,   79,   95,   56
  Beerta,20160517,   74,   94,   54
  Beerta,20160518,   69,   94,   48
  Beerta,20160519,   77,   95,   46
  Beerta,20160520,   90,   97,   75
  Beerta,20160521,   73,   97,   52
  Beerta,20160522,   80,   99,   54
  Beerta,20160523,   96,  100,   89
  Beerta,20160524,   93,   99,   86
  Beerta,20160525,   88,   99,   73
  Beerta,20160526,   89,  100,   76
  Beerta,20160527,   90,  100,   69
  Beerta,20160528,   87,   99,   66
  Beerta,20160529,   89,   98,   79
  Beerta,20160530,   87,   98,   73
  Beerta,20160531,   82,   99,   51
  Beerta,20160601,   84,   99,   66
  Beerta,20160602,   91,  100,   79
  Beerta,20160603,   82,  100,   59
  Beerta,20160604,   74,   96,   42
  Beerta,20160605,   85,   98,   70
  Beerta,20160606,   86,   99,   69
  Beerta,20160607,   83,  100,   59
  Beerta,20160608,   85,   99,   72
  Beerta,20160609,   82,   97,   65
  Beerta,20160610,   77,   96,   59
  Beerta,20160611,   78,   99,   43
  Beerta,20160612,   84,   99,   70
  Beerta,20160613,   92,  100,   71
  Beerta,20160614,   88,   99,   73
  Beerta,20160615,   89,  100,   67
  Beerta,20160616,   82,  100,   55
  Beerta,20160617,   90,   99,   71
  Beerta,20160618,   88,  100,   66
  Beerta,20160619,   78,   94,   63
  Beerta,20160620,   90,   99,   69
  Beerta,20160621,   84,   99,   57
  Beerta,20160622,   80,   98,   59
  Beerta,20160623,   83,   98,   62
  Beerta,20160624,   90,   99,   71
  Beerta,20160625,   96,  100,   87
  Beerta,20160626,   86,  100,   69
  Beerta,20160627,   90,   98,   77
  Beerta,20160628,   74,   98,   52
  Beerta,20160629,   81,   99,   57
  Beerta,20160630,   92,   99,   83
  Beerta,20160701,   91,   97,   79
  Beerta,20160702,   79,   96,   56
  Beerta,20160703,   85,   97,   68
  Beerta,20160704,   81,   98,   54
  Beerta,20160705,   90,   97,   73
  Beerta,20160706,   79,   98,   58
  Beerta,20160707,   79,   99,   58
  Beerta,20160708,   90,   97,   78
  Beerta,20160709,   85,   99,   56
  Beerta,20160710,   77,   95,   51
  Beerta,20160711,   76,   94,   60
  Beerta,20160712,   86,  100,   57
  Beerta,20160713,   87,  100,   66
  Beerta,20160714,   86,   99,   65
  Beerta,20160715,   77,   95,   57
  Beerta,20160716,   90,  100,   78
  Beerta,20160717,   79,  100,   57
  Beerta,20160718,   74,   99,   46
  Beerta,20160719,   72,   99,   49
  Beerta,20160720,   68,   95,   40
  Beerta,20160721,   78,   98,   45
  Beerta,20160722,   93,   99,   79
  Beerta,20160723,   86,   98,   65
  Beerta,20160724,   88,  100,   56
  Beerta,20160725,   87,  100,   65
  Beerta,20160726,   81,  100,   49
  Beerta,20160727,   84,   99,   51
  Beerta,20160728,   83,  100,   58
  Beerta,20160729,   83,   97,   63
  Beerta,20160730,   79,   96,   54
  Beerta,20160731,   83,  100,   56
  Beerta,20160801,   79,   97,   53
  Beerta,20160802,   80,  100,   56
  Beerta,20160803,   91,  100,   70
  Beerta,20160804,   80,   96,   63
  Beerta,20160805,   82,   99,   59
  Beerta,20160806,   80,   97,   48
  Beerta,20160807,   82,   97,   50
  Beerta,20160808,   77,   94,   46
  Beerta,20160809,   77,   97,   51
  Beerta,20160810,   81,   97,   55
  Beerta,20160811,   95,   99,   82
  Beerta,20160812,   94,  100,   82
  Beerta,20160813,   85,   98,   67
  Beerta,20160814,   82,  100,   59
  Beerta,20160815,   81,   99,   58
  Beerta,20160816,   81,  100,   56
  Beerta,20160817,   74,  100,   43
  Beerta,20160818,   80,  100,   52
  Beerta,20160819,   73,  100,   40
  Beerta,20160820,   79,   94,   57
  Beerta,20160821,   84,   98,   66
  Beerta,20160822,   95,   99,   86
  Beerta,20160823,   87,   97,   69
  Beerta,20160824,   70,   96,   41
  Beerta,20160825,   66,   90,   37
  Beerta,20160826,   79,   98,   61
  Beerta,20160827,   81,  100,   51
  Beerta,20160828,   86,   99,   74
  Beerta,20160829,   86,   98,   68
  Beerta,20160830,   82,   99,   54
  Beerta,20160831,   73,  100,   40
  Beerta,20160901,   84,   97,   61
  Beerta,20160902,   83,   97,   60
  Beerta,20160903,   83,   99,   56
  Beerta,20160904,   91,   98,   70
  Beerta,20160905,   85,   99,   64
  Beerta,20160906,   82,  100,   58
  Beerta,20160907,   77,   99,   47
  Beerta,20160908,   76,   95,   50
  Beerta,20160909,   79,  100,   52
  Beerta,20160910,   74,   98,   46
  Beerta,20160911,   83,   94,   69
  Beerta,20160912,   76,   99,   48
  Beerta,20160913,   70,   93,   46
  Beerta,20160914,   65,   80,   44
  Beerta,20160915,   62,   80,   43
  Beerta,20160916,   83,   98,   64
  Beerta,20160917,   86,   97,   69
  Beerta,20160918,   76,   93,   49
  Beerta,20160919,   71,   90,   43
  Beerta,20160920,   75,   89,   53
  Beerta,20160921,   74,  100,   51
  Beerta,20160922,   71,  100,   43
  Beerta,20160923,   77,   92,   52
  Beerta,20160924,   72,   97,   49
  Beerta,20160925,   71,   96,   41
  Beerta,20160926,   81,   99,   48
  Beerta,20160927,   73,  100,   45
  Beerta,20160928,   72,   90,   53
  Beerta,20160929,   86,   97,   69
  Beerta,20160930,   84,   95,   64
  Beerta,20161001,   88,   98,   71
  Beerta,20161002,   92,  100,   77
  Beerta,20161003,   90,  100,   77
  Beerta,20161004,   82,   97,   60
  Beerta,20161005,   76,   94,   59
  Beerta,20161006,   80,   86,   71
  Beerta,20161007,   83,   90,   78
  Beerta,20161008,   79,   94,   58
  Beerta,20161009,   91,   99,   73
  Beerta,20161010,   86,   99,   58
  Beerta,20161011,   91,   99,   80
  Beerta,20161012,   81,   92,   69
  Beerta,20161013,   81,   88,   75
  Beerta,20161014,   76,   84,   67
  Beerta,20161015,   91,  100,   84
  Beerta,20161016,   81,  100,   57
  Beerta,20161017,   88,  100,   74
  Beerta,20161018,   92,  100,   74
  Beerta,20161019,   90,  100,   77
  Beerta,20161020,   93,   99,   82
  Beerta,20161021,   94,   98,   88
  Beerta,20161022,   93,  100,   80
  Beerta,20161023,   89,   99,   71
  Beerta,20161024,   94,   99,   88
  Beerta,20161025,   92,  100,   71
  Beerta,20161026,   92,  100,   81
  Beerta,20161027,   91,   98,   83
  Beerta,20161028,   90,   95,   84
  Beerta,20161029,   87,   96,   70
  Beerta,20161030,   94,   99,   81
  Beerta,20161031,   92,   99,   74
  Beerta,20161101,   92,   97,   84
  Beerta,20161102,   90,   99,   79
  Beerta,20161103,   94,  100,   76
  Beerta,20161104,   86,   89,   81
  Beerta,20161105,   92,   98,   78
  Beerta,20161106,   93,   97,   83
  Beerta,20161107,   90,   94,   82
  Beerta,20161108,   87,   94,   77
  Beerta,20161109,   94,   96,   87
  Beerta,20161110,   90,   99,   78
  Beerta,20161111,   88,   98,   67
  Beerta,20161112,   85,   98,   75
  Beerta,20161113,   82,   93,   75
  Beerta,20161114,   91,   97,   82
  Beerta,20161115,   99,  100,   96
  Beerta,20161116,   91,  100,   80
  Beerta,20161117,   89,   99,   78
  Beerta,20161118,   86,   93,   76
  Beerta,20161119,   87,   92,   83
  Beerta,20161120,   79,   87,   68
  Beerta,20161121,   86,   99,   75
  Beerta,20161122,   80,   88,   73
  Beerta,20161123,   96,   99,   89
  Beerta,20161124,   88,   96,   74
  Beerta,20161125,   99,  100,   97
  Beerta,20161126,   98,  100,   90
  Beerta,20161127,   87,   95,   77
  Beerta,20161128,   85,   95,   72
  Beerta,20161129,   89,   98,   69
  Beerta,20161130,   85,   91,   69
  Beerta,20161201,   90,   95,   82
  Beerta,20161202,   88,   95,   74
  Beerta,20161203,   90,   98,   73
  Beerta,20161204,   95,   98,   91
  Beerta,20161205,   91,   98,   75
  Beerta,20161206,   89,   95,   82
  Beerta,20161207,   88,   91,   84
  Beerta,20161208,   83,   97,   75
  Beerta,20161209,   96,   99,   92
  Beerta,20161210,   96,  100,   90
  Beerta,20161211,   91,   99,   83
  Beerta,20161212,   96,   99,   90
  Beerta,20161213,   97,  100,   93
  Beerta,20161214,   99,  100,   97
  Beerta,20161215,   93,   97,   88
  Beerta,20161216,   92,   95,   85
  Beerta,20161217,   95,   98,   92
  Beerta,20161218,   95,   99,   91
  Beerta,20161219,   92,   98,   84
  Beerta,20161220,   93,   95,   91
  Beerta,20161221,   91,   98,   83
  Beerta,20161222,   95,   97,   90
  Beerta,20161223,   93,   98,   82
  Beerta,20161224,   83,   94,   77
  Beerta,20161225,   89,   95,   83
  Beerta,20161226,   77,   91,   64
  Beerta,20161227,   86,   96,   75
  Beerta,20161228,   89,  100,   79
  Beerta,20161229,   95,  100,   81
  Beerta,20161230,   95,  100,   88
  Beerta,20161231,   99,  100,   98
